sharebee1,sharebee2
https://tix.concertraptors.com/sharebee/brachiotopia,https://tix.concertraptors.com/sharebee/triceratopia
https://tix.concertraptors.com/sharebee/spinotopia,https://tix.concertraptors.com/sharebee/carnotopia
https://tix.concertraptors.com/sharebee/iguanodopia,https://tix.concertraptors.com/sharebee/gallimopia
https://tix.concertraptors.com/sharebee/oviratopia,https://tix.concertraptors.com/sharebee/quetzaltopia
https://tix.concertraptors.com/sharebee/dilophopia,https://tix.concertraptors.com/sharebee/archaeotopia
https://tix.concertraptors.com/sharebee/microratopia,https://tix.concertraptors.com/sharebee/cryolotopia
https://tix.concertraptors.com/sharebee/raptortopia,https://tix.concertraptors.com/sharebee/titanotopia
https://tix.concertraptors.com/sharebee/mammothtopia,https://tix.concertraptors.com/sharebee/megaltopia
https://tix.concertraptors.com/sharebee/mososatopia,https://tix.concertraptors.com/sharebee/pliosatopia
https://tix.concertraptors.com/sharebee/deinonychtopia,https://tix.concertraptors.com/sharebee/ceratotopia
https://tix.concertraptors.com/sharebee/apatotopia,https://tix.concertraptors.com/sharebee/stegosautopia
https://tix.concertraptors.com/sharebee/therizinotopia,https://tix.concertraptors.com/sharebee/utahratopia